0670_020_01.jpg,None,0
0670_020_02.jpg,None,0
0670_020_02.jpg,None,0
0670_020_03.jpg,None,0
0670_020_03.jpg,None,0
0670_020_03.jpg,None,1
0670_020_03.jpg,None,0
0670_020_03.jpg,None,0
0670_020_03.jpg,None,0
0670_020_03.jpg,None,0
0670_020_03.jpg,None,0
0670_020_03.jpg,None,0
0670_020_03.jpg,None,0
0670_020_03.jpg,None,0
0670_020_03.jpg,None,0
0670_020_04.jpg,None,0
0670_020_04.jpg,None,0
0670_020_04.jpg,None,0
0670_020_04.jpg,None,0
0670_020_04.jpg,None,0
0670_020_04.jpg,None,0
0670_020_04.jpg,None,0
0670_020_04.jpg,None,0
0670_020_04.jpg,None,0
0670_020_04.jpg,None,0
0670_020_04.jpg,None,0
0670_020_04.jpg,None,0
0670_020_04.jpg,None,0
0670_020_04.jpg,None,0
0670_020_04.jpg,None,0
0670_020_04.jpg,None,0
0670_020_04.jpg,None,0
0670_020_04.jpg,None,0
0670_020_04.jpg,None,0
0670_020_04.jpg,None,0
0670_020_04.jpg,None,0
0670_020_04.jpg,None,0
0670_020_04.jpg,None,0
0670_020_04.jpg,None,0
0670_020_04.jpg,None,0
0670_020_04.jpg,None,0
0670_020_04.jpg,None,0
0670_020_04.jpg,None,0
0670_020_04.jpg,None,0
0670_020_04.jpg,None,0
0670_020_04.jpg,None,0
0670_020_04.jpg,None,0
0670_020_04.jpg,None,0
0670_020_04.jpg,None,0
0670_020_04.jpg,None,0
0670_020_04.jpg,None,0
0670_020_04.jpg,None,0
0670_020_04.jpg,None,0
0670_020_04.jpg,None,0
0670_020_04.jpg,None,0
0670_020_04.jpg,None,0
0670_020_04.jpg,None,0
0670_020_04.jpg,None,0
0670_020_04.jpg,None,0
0670_020_04.jpg,None,0
0670_020_04.jpg,None,0
0670_020_04.jpg,None,0
0670_020_04.jpg,None,0
0670_020_04.jpg,None,0
0670_020_04.jpg,None,0
0670_020_04.jpg,None,0
0670_020_04.jpg,None,0
0670_020_04.jpg,None,0
0670_020_04.jpg,None,0
0670_020_04.jpg,None,0
0670_020_04.jpg,None,0
0670_020_04.jpg,None,0
0670_020_04.jpg,None,0
0670_020_04.jpg,None,0
0670_020_04.jpg,None,0
0670_020_04.jpg,None,0
0670_020_04.jpg,None,0
0670_020_04.jpg,None,0
0670_020_04.jpg,None,0
0670_020_04.jpg,None,0
0670_020_04.jpg,None,0
0670_020_04.jpg,None,0
0670_020_04.jpg,None,0
0670_020_04.jpg,None,0
0670_020_04.jpg,None,0
0670_020_04.jpg,None,0
0670_020_05.jpg,None,0
0670_020_05.jpg,None,0
0670_020_05.jpg,None,0
0670_020_05.jpg,None,0
0670_020_05.jpg,None,0
0670_020_05.jpg,None,0
0670_020_05.jpg,None,0
0670_020_05.jpg,None,0
0670_020_05.jpg,None,0
0670_020_05.jpg,None,0
0670_020_05.jpg,None,1
0670_020_05.jpg,None,0
0670_020_05.jpg,None,0
0670_020_05.jpg,None,0
0670_020_05.jpg,None,0
0670_020_05.jpg,None,0
0670_020_05.jpg,None,0
0670_020_05.jpg,None,0
0670_020_05.jpg,None,0
0670_020_05.jpg,None,0
0670_020_05.jpg,None,0
0670_020_05.jpg,None,0
0670_020_06.jpg,None,0
0670_020_06.jpg,None,0
0670_020_06.jpg,None,0
0670_020_06.jpg,None,0
0670_020_06.jpg,None,0
0670_020_06.jpg,None,0
0670_020_06.jpg,None,0
0670_020_06.jpg,None,0
0670_020_06.jpg,None,0
0670_020_06.jpg,None,0
0670_020_06.jpg,None,0
0670_020_06.jpg,None,0
0670_020_06.jpg,None,1
0670_020_06.jpg,None,0
0670_020_06.jpg,None,0
0670_020_06.jpg,None,1
0670_020_06.jpg,None,0
0670_020_06.jpg,None,0
0670_020_06.jpg,None,1
0670_020_06.jpg,None,1
0670_020_06.jpg,None,1
0670_020_06.jpg,None,0
0670_020_06.jpg,None,0
0670_020_06.jpg,None,0
0670_020_07.jpg,None,0
0670_020_07.jpg,None,0
0670_020_07.jpg,None,0
0670_020_07.jpg,None,0
0670_020_07.jpg,None,0
0670_020_08.jpg,None,0
0670_020_08.jpg,None,0
0670_020_08.jpg,None,0
0670_020_09.jpg,None,0
0670_020_09.jpg,None,0
0670_020_09.jpg,None,1
0670_020_09.jpg,None,0
0670_020_09.jpg,None,0
0670_020_09.jpg,None,0
0670_021_01.jpg,None,0
0670_021_01.jpg,None,0
0670_021_01.jpg,None,0
0670_021_01.jpg,None,1
0670_021_01.jpg,None,0
0670_021_01.jpg,None,0
0670_021_01.jpg,None,0
0670_021_01.jpg,None,0
0670_021_01.jpg,None,0
0670_021_01.jpg,None,0
0670_021_01.jpg,None,0
0670_021_01.jpg,None,0
0670_021_01.jpg,None,0
0670_021_01.jpg,None,0
0670_021_01.jpg,None,0
0670_021_01.jpg,None,0
0670_021_01.jpg,None,0
0670_021_01.jpg,None,0
0670_021_01.jpg,None,0
0670_021_01.jpg,None,0
0670_021_01.jpg,None,0
0670_021_01.jpg,None,0
0670_021_01.jpg,None,0
0670_021_01.jpg,None,0
0670_021_01.jpg,None,0
0670_021_01.jpg,None,0
0670_021_01.jpg,None,0
0670_021_01.jpg,None,0
0670_021_01.jpg,None,0
0670_021_01.jpg,None,0
0670_021_01.jpg,None,0
0670_021_01.jpg,None,0
0670_021_01.jpg,None,0
0670_021_01.jpg,None,0
0670_021_01.jpg,None,0
0670_021_01.jpg,None,0
0670_021_01.jpg,None,0
0670_021_01.jpg,None,0
0670_021_01.jpg,None,0
0670_021_01.jpg,None,0
0670_021_01.jpg,None,0
0670_021_01.jpg,None,0
0670_021_01.jpg,None,0
0670_021_02.jpg,None,0
0670_021_02.jpg,None,0
0670_021_02.jpg,None,0
0670_021_02.jpg,None,0
0670_021_02.jpg,None,0
0670_021_02.jpg,None,0
0670_021_02.jpg,None,0
0670_021_02.jpg,None,0
0670_021_02.jpg,None,0
0670_021_02.jpg,None,0
0670_021_02.jpg,None,0
0670_021_02.jpg,None,0
0670_021_02.jpg,None,0
0670_021_02.jpg,None,1
0670_021_02.jpg,None,0
0670_021_02.jpg,None,0
0670_021_02.jpg,None,0
0670_021_02.jpg,None,0
0670_021_02.jpg,None,0
0670_021_02.jpg,None,0
0670_021_02.jpg,None,0
0670_021_02.jpg,None,0
0670_021_02.jpg,None,0
0670_021_02.jpg,None,0
0670_021_02.jpg,None,0
0670_021_02.jpg,None,0
0670_021_02.jpg,None,0
0670_021_02.jpg,None,0
0670_021_02.jpg,None,0
0670_021_02.jpg,None,0
0670_021_02.jpg,None,0
0670_021_02.jpg,None,0
0670_021_03.jpg,None,0
0670_021_03.jpg,None,0
0670_021_04.jpg,None,0
0670_021_04.jpg,None,0
0670_021_04.jpg,None,0
0670_021_04.jpg,None,0
0670_021_04.jpg,None,0
0670_021_04.jpg,None,0
0670_021_04.jpg,None,0
0670_021_04.jpg,None,0
0670_021_04.jpg,None,0
0670_021_04.jpg,None,0
0670_021_04.jpg,None,0
0670_021_04.jpg,None,0
0670_021_04.jpg,None,0
0670_021_04.jpg,None,0
0670_021_04.jpg,None,0
0670_021_05.jpg,None,0
0670_021_05.jpg,None,0
0670_021_06.jpg,None,0
0670_021_07.jpg,None,0
0670_021_08.jpg,None,0
0670_021_08.jpg,None,0
0670_021_08.jpg,None,0
0670_021_08.jpg,None,0
0670_021_08.jpg,None,0
0670_021_08.jpg,None,0
0670_021_08.jpg,None,0
0670_021_08.jpg,None,0
0670_021_08.jpg,None,0
0670_021_08.jpg,None,0
0670_021_08.jpg,None,0
0670_021_08.jpg,None,0
0670_021_08.jpg,None,0
0670_021_08.jpg,None,0
0670_021_08.jpg,None,0
0670_021_08.jpg,None,0
0670_021_08.jpg,None,0
0670_021_08.jpg,None,0
0670_022_01.jpg,None,0
0670_022_01.jpg,None,0
0670_022_01.jpg,None,0
0670_022_01.jpg,None,0
0670_022_01.jpg,None,0
0670_022_01.jpg,None,0
0670_022_01.jpg,None,0
0670_022_01.jpg,None,0
0670_022_01.jpg,None,0
0670_022_01.jpg,None,0
0670_022_01.jpg,None,0
0670_022_01.jpg,None,0
0670_022_01.jpg,None,0
0670_022_01.jpg,None,0
0670_022_01.jpg,None,0
0670_022_01.jpg,None,0
0670_022_01.jpg,None,0
0670_022_01.jpg,None,0
0670_022_01.jpg,None,0
0670_022_01.jpg,None,0
0670_022_01.jpg,None,0
0670_022_01.jpg,None,0
0670_022_02.jpg,None,1
0670_022_02.jpg,None,1
0670_022_02.jpg,None,0
0670_022_02.jpg,None,0
0670_022_02.jpg,None,0
0670_022_02.jpg,None,0
0670_022_02.jpg,None,0
0670_022_02.jpg,None,0
0670_022_02.jpg,None,0
0670_022_03.jpg,None,0
0670_022_03.jpg,None,0
0670_022_03.jpg,None,0
0670_022_03.jpg,None,1
0670_022_03.jpg,None,0
0670_022_03.jpg,None,0
0670_022_03.jpg,None,0
0670_022_03.jpg,None,0
0670_022_04.jpg,None,1
0670_022_05.jpg,None,0
0670_022_05.jpg,None,0
0670_022_05.jpg,None,0
0670_022_05.jpg,None,0
0670_022_05.jpg,None,0
0670_022_05.jpg,None,0
0670_022_05.jpg,None,0
0670_022_05.jpg,None,0
0670_022_05.jpg,None,0
0670_022_05.jpg,None,0
0670_022_05.jpg,None,0
0670_022_05.jpg,None,0
0670_022_05.jpg,None,0
0670_022_05.jpg,None,0
0670_022_05.jpg,None,0
0670_022_05.jpg,None,0
0670_022_05.jpg,None,0
0670_022_05.jpg,None,0
0670_022_05.jpg,None,0
0670_022_05.jpg,None,0
0670_022_05.jpg,None,0
0670_022_06.jpg,None,0
0670_022_06.jpg,None,0
0670_022_07.jpg,None,0
0670_022_07.jpg,None,1
0670_022_07.jpg,None,0
0670_022_07.jpg,None,0
0670_022_07.jpg,None,0
0670_022_07.jpg,None,0
0670_022_07.jpg,None,0
0670_022_07.jpg,None,0
0670_022_07.jpg,None,0
0670_022_07.jpg,None,0
0670_022_07.jpg,None,0
0670_022_07.jpg,None,0
0670_022_07.jpg,None,0
0670_022_07.jpg,None,0
0670_022_07.jpg,None,0
0670_022_07.jpg,None,0
0670_022_07.jpg,None,0
0670_022_07.jpg,None,0
0670_022_07.jpg,None,0
0670_022_07.jpg,None,0
0670_022_07.jpg,None,0
0670_022_07.jpg,None,0
0670_022_07.jpg,None,0
0670_022_07.jpg,None,0
0670_022_07.jpg,None,0
0670_022_07.jpg,None,0
0670_022_07.jpg,None,0
0670_022_07.jpg,None,0
0670_022_07.jpg,None,0
0670_023_01.jpg,None,0
0670_023_02.jpg,None,0
0670_023_02.jpg,None,0
0670_023_02.jpg,None,0
0670_023_02.jpg,None,0
0670_023_02.jpg,None,0
0670_023_02.jpg,None,0
0670_023_02.jpg,None,0
0670_023_02.jpg,None,0
0670_023_02.jpg,None,0
0670_023_02.jpg,None,0
0670_023_02.jpg,None,0
0670_023_02.jpg,None,0
0670_023_02.jpg,None,0
0670_023_02.jpg,None,0
0670_023_02.jpg,None,0
0670_023_02.jpg,None,0
0670_023_02.jpg,None,0
0670_023_02.jpg,None,0
0670_023_02.jpg,None,0
0670_023_02.jpg,None,0
0670_023_02.jpg,None,0
0670_023_02.jpg,None,0
0670_023_02.jpg,None,0
0670_023_02.jpg,None,0
0670_023_02.jpg,None,0
0670_023_02.jpg,None,0
0670_023_02.jpg,None,0
0670_023_02.jpg,None,0
0670_023_03.jpg,None,0
0670_023_03.jpg,None,0
0670_023_03.jpg,None,0
0670_023_03.jpg,None,0
0670_023_03.jpg,None,0
0670_023_04.jpg,None,0
0670_023_04.jpg,None,0
0670_023_04.jpg,None,0
0670_023_04.jpg,None,0
0670_023_04.jpg,None,0
0670_023_04.jpg,None,0
0670_023_04.jpg,None,0
0670_023_05.jpg,None,0
0670_023_05.jpg,None,0
0670_023_05.jpg,None,0
0670_023_05.jpg,None,0
0670_023_05.jpg,None,0
0670_023_05.jpg,None,0
0670_023_05.jpg,None,0
0670_023_05.jpg,None,0
0670_023_05.jpg,None,0
0670_023_06.jpg,None,1
0670_023_06.jpg,None,0
0670_023_06.jpg,None,0
0670_023_06.jpg,None,0
0670_023_09.jpg,None,0
0670_023_09.jpg,None,0
0670_023_09.jpg,None,0
0670_023_09.jpg,None,0
0670_023_09.jpg,None,0
0670_023_09.jpg,None,0
0670_023_09.jpg,None,0
0670_023_09.jpg,None,0
0670_023_09.jpg,None,0
0670_023_09.jpg,None,0
0670_023_09.jpg,None,0
0670_023_09.jpg,None,0
0670_023_09.jpg,None,0
0670_023_09.jpg,None,0
0670_023_09.jpg,None,0
0670_023_09.jpg,None,0
0670_023_09.jpg,None,0
0670_023_09.jpg,None,0
0670_023_09.jpg,None,0
0670_023_09.jpg,None,0
0670_023_09.jpg,None,0
0670_023_09.jpg,None,0
0670_024_01.jpg,None,1
0670_024_01.jpg,None,0
0670_024_01.jpg,None,0
0670_024_01.jpg,None,0
0670_024_01.jpg,None,0
0670_024_01.jpg,None,0
0670_024_01.jpg,None,1
0670_024_01.jpg,None,1
0670_024_01.jpg,None,0
0670_024_01.jpg,None,0
0670_024_01.jpg,None,0
0670_024_01.jpg,None,0
0670_024_01.jpg,None,0
0670_024_01.jpg,None,0
0670_024_01.jpg,None,0
0670_024_01.jpg,None,0
0670_024_01.jpg,None,1
0670_024_01.jpg,None,0
0670_024_01.jpg,None,0
0670_024_01.jpg,None,1
0670_024_01.jpg,None,1
0670_024_01.jpg,None,1
0670_024_01.jpg,None,0
0670_024_02.jpg,None,0
0670_024_02.jpg,None,0
0670_024_02.jpg,None,0
0670_024_02.jpg,None,0
0670_024_02.jpg,None,0
0670_024_02.jpg,None,0
0670_024_02.jpg,None,0
0670_024_02.jpg,None,0
0670_024_02.jpg,None,0
0670_024_02.jpg,None,0
0670_024_02.jpg,None,1
0670_024_02.jpg,None,0
0670_024_02.jpg,None,0
0670_024_02.jpg,None,0
0670_024_02.jpg,None,0
0670_024_02.jpg,None,0
0670_024_03.jpg,None,1
0670_024_03.jpg,None,0
0670_024_03.jpg,None,0
0670_024_03.jpg,None,0
0670_024_03.jpg,None,0
0670_024_03.jpg,None,0
0670_024_03.jpg,None,0
0670_024_03.jpg,None,0
0670_024_03.jpg,None,0
0670_024_03.jpg,None,0
0670_024_04.jpg,None,0
0670_024_04.jpg,None,0
0670_024_04.jpg,None,0
0670_024_04.jpg,None,0
0670_024_04.jpg,None,0
0670_024_04.jpg,None,0
0670_024_04.jpg,None,0
0670_024_04.jpg,None,0
0670_024_04.jpg,None,0
0670_024_04.jpg,None,0
0670_024_04.jpg,None,0
0670_024_04.jpg,None,0
0670_024_04.jpg,None,0
0670_024_04.jpg,None,0
0670_024_04.jpg,None,0
0670_024_04.jpg,None,0
0670_024_04.jpg,None,0
0670_024_04.jpg,None,0
0670_025_01.jpg,None,0
0670_025_03.jpg,None,0
0670_025_03.jpg,None,0
0670_025_03.jpg,None,0
0670_025_04.jpg,None,0
0670_025_04.jpg,None,0
0670_025_04.jpg,None,0
0670_025_04.jpg,None,0
0670_025_04.jpg,None,0
0670_025_05.jpg,None,0
0670_025_05.jpg,None,0
0670_025_05.jpg,None,0
0670_025_05.jpg,None,0
0670_025_06.jpg,None,1
0670_025_06.jpg,None,0
0670_025_06.jpg,None,0
0670_025_06.jpg,None,0
0670_025_06.jpg,None,0
0670_025_06.jpg,None,0
0670_025_06.jpg,None,0
0670_025_06.jpg,None,0
0670_025_07.jpg,None,0
0670_025_08.jpg,None,0
0670_026_01.jpg,None,0
0670_026_03.jpg,None,0
0670_026_04.jpg,None,0
0670_026_04.jpg,None,0
0670_026_04.jpg,None,0
0670_026_05.jpg,None,0
0670_026_05.jpg,None,0
0670_026_05.jpg,None,0
0670_026_05.jpg,None,0
0670_026_05.jpg,None,0
0670_026_05.jpg,None,0
0670_026_05.jpg,None,0
0670_026_05.jpg,None,0
0670_026_05.jpg,None,0
0670_026_05.jpg,None,0
0670_026_05.jpg,None,0
0670_026_05.jpg,None,0
0670_026_06.jpg,None,0
0670_026_06.jpg,None,0
0670_026_06.jpg,None,0
0670_026_06.jpg,None,0
0670_026_06.jpg,None,1
0670_026_06.jpg,None,0
0670_026_06.jpg,None,0
0670_026_06.jpg,None,0
0670_026_06.jpg,None,0
0670_026_06.jpg,None,0
0670_026_06.jpg,None,0
0670_026_06.jpg,None,0
0670_026_06.jpg,None,0
0670_026_06.jpg,None,0
0670_026_06.jpg,None,0
0670_026_06.jpg,None,0
0670_026_06.jpg,None,0
0670_026_06.jpg,None,0
0670_026_06.jpg,None,0
0670_026_06.jpg,None,0
0670_026_06.jpg,None,0
0670_026_06.jpg,None,0
0670_026_06.jpg,None,0
0670_026_06.jpg,None,0
0670_026_06.jpg,None,0
0670_026_06.jpg,None,0
0670_026_06.jpg,None,0
0670_026_06.jpg,None,0
0670_026_06.jpg,None,0
0670_026_06.jpg,None,0
0670_026_06.jpg,None,0
0670_026_07.jpg,None,0
0670_026_07.jpg,None,0
0670_026_07.jpg,None,1
0670_026_08.jpg,None,0
0670_026_08.jpg,None,0
0670_026_08.jpg,None,0
0670_026_08.jpg,None,0
0670_026_08.jpg,None,1
0670_026_08.jpg,None,0
0670_026_08.jpg,None,0
0670_026_08.jpg,None,0
0670_026_08.jpg,None,0
0670_026_08.jpg,None,0
0670_026_08.jpg,None,0
0670_026_08.jpg,None,0
0670_026_08.jpg,None,0
0670_026_08.jpg,None,0
0670_026_08.jpg,None,0
0670_026_08.jpg,None,0
0670_026_08.jpg,None,0
0670_026_08.jpg,None,0
0670_026_08.jpg,None,0
0670_026_08.jpg,None,0
0670_026_08.jpg,None,0
0670_026_08.jpg,None,0
0670_026_08.jpg,None,0
0670_026_08.jpg,None,0
0670_026_08.jpg,None,0
0670_026_08.jpg,None,0
0670_026_08.jpg,None,0
0670_026_09.jpg,None,0
0670_026_09.jpg,None,0
0670_026_09.jpg,None,0
0670_026_09.jpg,None,0
0670_026_09.jpg,None,0
0670_026_09.jpg,None,0
0670_026_09.jpg,None,0
0670_026_09.jpg,None,0
0670_026_09.jpg,None,0
0670_027_01.jpg,None,0
0670_027_02.jpg,None,0
0670_027_02.jpg,None,0
0670_027_02.jpg,None,0
0670_027_02.jpg,None,0
0670_027_02.jpg,None,0
0670_027_02.jpg,None,0
0670_027_02.jpg,None,0
0670_027_02.jpg,None,0
0670_027_02.jpg,None,0
0670_027_03.jpg,None,0
0670_027_04.jpg,None,0
0670_027_04.jpg,None,0
0670_027_04.jpg,None,0
0670_027_04.jpg,None,0
0670_027_05.jpg,None,0
0670_027_05.jpg,None,0
0670_027_05.jpg,None,0
0670_027_05.jpg,None,0
0670_027_05.jpg,None,0
0670_027_05.jpg,None,0
0670_027_05.jpg,None,0
0670_027_05.jpg,None,0
0670_027_05.jpg,None,0
0670_027_05.jpg,None,0
0670_027_05.jpg,None,0
0670_027_05.jpg,None,0
0670_027_05.jpg,None,0
0670_027_05.jpg,None,0
0670_027_05.jpg,None,0
0670_027_05.jpg,None,0
0670_027_05.jpg,None,0
0670_027_05.jpg,None,0
0670_027_05.jpg,None,0
0670_027_05.jpg,None,0
0670_027_05.jpg,None,0
0670_027_05.jpg,None,0
0670_027_05.jpg,None,0
0670_027_05.jpg,None,0
0670_027_05.jpg,None,0
0670_027_05.jpg,None,0
0670_027_05.jpg,None,0
0670_027_05.jpg,None,0
0670_027_05.jpg,None,0
0670_027_05.jpg,None,0
0670_027_05.jpg,None,0
0670_027_08.jpg,None,0
0670_028_01.jpg,None,0
0670_028_01.jpg,None,0
0670_028_01.jpg,None,0
0670_028_01.jpg,None,0
0670_028_01.jpg,None,0
0670_028_01.jpg,None,0
0670_028_01.jpg,None,1
0670_028_01.jpg,None,0
0670_028_01.jpg,None,0
0670_028_01.jpg,None,0
0670_028_01.jpg,None,0
0670_028_01.jpg,None,0
0670_028_01.jpg,None,0
0670_028_01.jpg,None,0
0670_028_01.jpg,None,0
0670_028_02.jpg,None,0
0670_028_02.jpg,None,0
0670_028_02.jpg,None,0
0670_028_02.jpg,None,0
0670_028_02.jpg,None,0
0670_028_02.jpg,None,0
0670_028_02.jpg,None,0
0670_028_03.jpg,None,0
0670_028_03.jpg,None,0
0670_028_03.jpg,None,0
0670_028_04.jpg,None,1
0670_028_04.jpg,None,0
0670_028_04.jpg,None,0
0670_028_04.jpg,None,0
0670_028_04.jpg,None,0
0670_028_04.jpg,None,0
0670_028_04.jpg,None,0
0670_028_04.jpg,None,0
0670_028_04.jpg,None,0
0670_028_04.jpg,None,0
0670_028_04.jpg,None,0
0670_028_05.jpg,None,0
0670_028_05.jpg,None,0
0670_028_05.jpg,None,0
0670_028_05.jpg,None,0
0670_028_05.jpg,None,0
0670_028_05.jpg,None,0
0670_028_05.jpg,None,0
0670_028_05.jpg,None,0
0670_028_05.jpg,None,0
0670_028_05.jpg,None,0
0670_028_05.jpg,None,0
0670_028_05.jpg,None,0
0670_028_05.jpg,None,0
0670_028_05.jpg,None,0
0670_028_06.jpg,None,0
0670_028_06.jpg,None,0
0670_028_06.jpg,None,0
0670_028_06.jpg,None,0
0670_028_06.jpg,None,0
0670_028_06.jpg,None,0
0670_028_06.jpg,None,0
0670_028_06.jpg,None,0
0670_028_06.jpg,None,0
0670_028_06.jpg,None,0
0670_028_06.jpg,None,0
0670_028_06.jpg,None,0
0670_028_06.jpg,None,0
0670_028_06.jpg,None,0
0670_028_06.jpg,None,0
0670_028_06.jpg,None,0
0670_028_06.jpg,None,0
0670_028_06.jpg,None,0
0670_028_06.jpg,None,0
0670_028_06.jpg,None,0
0670_029_01.jpg,None,0
0670_029_01.jpg,None,0
0670_029_01.jpg,None,0
0670_029_01.jpg,None,0
0670_029_01.jpg,None,0
0670_029_01.jpg,None,0
0670_029_01.jpg,None,0
0670_029_01.jpg,None,1
0670_029_01.jpg,None,0
0670_029_01.jpg,None,1
0670_029_01.jpg,None,0
0670_029_01.jpg,None,0
0670_029_01.jpg,None,0
0670_029_01.jpg,None,0
0670_029_02.jpg,None,0
0670_029_02.jpg,None,1
0670_029_02.jpg,None,0
0670_029_02.jpg,None,0
0670_029_02.jpg,None,0
0670_029_02.jpg,None,0
0670_029_02.jpg,None,0
0670_029_02.jpg,None,0
0670_029_02.jpg,None,0
0670_029_02.jpg,None,0
0670_029_02.jpg,None,0
0670_029_02.jpg,None,0
0670_029_02.jpg,None,0
0670_029_02.jpg,None,0
0670_029_02.jpg,None,0
0670_029_03.jpg,None,1
0670_029_03.jpg,None,0
0670_029_03.jpg,None,0
0670_029_03.jpg,None,0
0670_029_03.jpg,None,0
0670_029_03.jpg,None,0
0670_029_03.jpg,None,0
0670_029_03.jpg,None,0
0670_029_03.jpg,None,0
0670_029_03.jpg,None,0
0670_029_03.jpg,None,0
0670_029_03.jpg,None,0
0670_029_03.jpg,None,0
0670_029_03.jpg,None,0
0670_029_03.jpg,None,0
0670_029_04.jpg,None,0
0670_029_05.jpg,None,0
0670_029_05.jpg,None,1
0670_029_05.jpg,None,0
0670_029_05.jpg,None,0
0670_029_05.jpg,None,0
0670_029_05.jpg,None,0
0670_029_05.jpg,None,0
0670_029_05.jpg,None,0
0670_029_07.jpg,None,1
0670_029_07.jpg,None,0
0670_029_07.jpg,None,0
0670_029_07.jpg,None,0
0670_029_07.jpg,None,1
0670_029_07.jpg,None,0
0670_029_07.jpg,None,0
0670_029_07.jpg,None,0
0670_029_07.jpg,None,0
0670_029_07.jpg,None,0
0670_029_07.jpg,None,0
0670_029_07.jpg,None,0
0670_029_07.jpg,None,0
0670_029_07.jpg,None,0
0670_029_07.jpg,None,0
0670_029_07.jpg,None,0
0670_030_01.jpg,None,1
0670_030_01.jpg,None,0
0670_030_01.jpg,None,0
0670_030_01.jpg,None,1
0670_030_01.jpg,None,0
0670_030_01.jpg,None,0
0670_030_01.jpg,None,0
0670_030_01.jpg,None,0
0670_030_01.jpg,None,0
0670_030_01.jpg,None,1
0670_030_01.jpg,None,0
0670_030_01.jpg,None,0
0670_030_01.jpg,None,0
0670_030_01.jpg,None,0
0670_030_01.jpg,None,0
0670_030_01.jpg,None,0
0670_030_01.jpg,None,0
0670_030_01.jpg,None,0
0670_030_01.jpg,None,0
0670_030_01.jpg,None,0
0670_030_01.jpg,None,0
0670_030_01.jpg,None,0
0670_030_01.jpg,None,0
0670_030_01.jpg,None,0
0670_030_02.jpg,None,0
0670_030_02.jpg,None,0
0670_030_02.jpg,None,0
0670_030_02.jpg,None,0
0670_030_02.jpg,None,0
0670_030_02.jpg,None,0
0670_030_02.jpg,None,0
0670_030_02.jpg,None,0
0670_030_02.jpg,None,0
0670_031_01.jpg,None,0
0670_031_02.jpg,None,0
0670_031_02.jpg,None,0
0670_031_02.jpg,None,0
0670_031_02.jpg,None,0
0670_031_02.jpg,None,0
0670_031_02.jpg,None,0
0670_031_02.jpg,None,0
0670_031_02.jpg,None,0
0670_031_02.jpg,None,0
0670_031_02.jpg,None,0
0670_031_02.jpg,None,0
0670_031_02.jpg,None,0
0670_031_02.jpg,None,0
0670_031_02.jpg,None,0
0670_031_02.jpg,None,0
0670_031_02.jpg,None,0
0670_031_02.jpg,None,0
0670_031_02.jpg,None,0
0670_031_02.jpg,None,0
0670_031_02.jpg,None,0
0670_031_02.jpg,None,0
0670_031_02.jpg,None,0
0670_031_02.jpg,None,0
0670_031_02.jpg,None,0
0670_031_04.jpg,None,0
0670_031_04.jpg,None,1
0670_031_06.jpg,None,0
0670_031_06.jpg,None,0
0670_031_06.jpg,None,0
0670_031_06.jpg,None,0
0670_031_06.jpg,None,0
0670_031_06.jpg,None,0
0670_031_06.jpg,None,0
0670_031_06.jpg,None,0
0670_031_06.jpg,None,0
0670_031_06.jpg,None,0
0670_031_06.jpg,None,0
0670_031_06.jpg,None,0
0670_031_07.jpg,None,0
0670_031_07.jpg,None,0
0670_031_07.jpg,None,0
0670_031_07.jpg,None,0
0670_031_07.jpg,None,0
0670_031_07.jpg,None,0
0670_031_07.jpg,None,0
0670_031_07.jpg,None,0
0670_031_07.jpg,None,0
0670_031_07.jpg,None,0
0670_031_07.jpg,None,0
0670_031_07.jpg,None,0
0670_031_07.jpg,None,0
0670_031_07.jpg,None,0
0670_031_07.jpg,None,0
0670_031_07.jpg,None,0
0670_031_07.jpg,None,0
0670_031_07.jpg,None,0
0670_031_08.jpg,None,0
0670_031_08.jpg,None,0
0670_031_08.jpg,None,0
0670_031_08.jpg,None,0
0670_031_08.jpg,None,0
0670_031_08.jpg,None,0
0670_031_08.jpg,None,0
0670_031_08.jpg,None,0
0670_031_08.jpg,None,0
0670_031_08.jpg,None,0
0670_031_08.jpg,None,0
0670_031_08.jpg,None,0
0670_031_08.jpg,None,0
0670_031_08.jpg,None,0
0670_031_08.jpg,None,0
0670_031_08.jpg,None,0
0670_031_08.jpg,None,0
0670_031_09.jpg,None,0
0670_031_09.jpg,None,0
0670_031_09.jpg,None,0
0670_031_09.jpg,None,0
0670_031_09.jpg,None,0
0670_031_09.jpg,None,0
0670_031_09.jpg,None,0
0670_031_09.jpg,None,0
0670_031_09.jpg,None,0
0670_031_09.jpg,None,0
0670_031_09.jpg,None,0
0670_031_09.jpg,None,0
0670_032_01.jpg,None,0
0670_032_01.jpg,None,0
0670_032_01.jpg,None,0
0670_032_01.jpg,None,0
0670_032_01.jpg,None,0
0670_032_01.jpg,None,0
0670_032_01.jpg,None,0
0670_032_01.jpg,None,0
0670_032_01.jpg,None,0
0670_032_01.jpg,None,0
0670_032_01.jpg,None,0
0670_032_01.jpg,None,0
0670_032_01.jpg,None,0
0670_032_02.jpg,None,0
0670_032_02.jpg,None,0
0670_032_03.jpg,None,0
0670_032_03.jpg,None,0
0670_032_03.jpg,None,0
0670_032_03.jpg,None,0
0670_032_03.jpg,None,0
0670_032_03.jpg,None,0
0670_032_03.jpg,None,0
0670_032_04.jpg,None,0
0670_032_04.jpg,None,1
0670_032_04.jpg,None,0
0670_032_04.jpg,None,0
0670_032_04.jpg,None,0
0670_032_04.jpg,None,0
0670_032_04.jpg,None,0
0670_032_04.jpg,None,0
0670_032_04.jpg,None,0
0670_032_04.jpg,None,0
0670_032_04.jpg,None,0
0670_032_04.jpg,None,0
0670_032_04.jpg,None,0
0670_032_04.jpg,None,0
0670_032_04.jpg,None,0
0670_032_05.jpg,None,0
0670_032_05.jpg,None,0
0670_032_05.jpg,None,0
0670_032_09.jpg,None,0
0670_032_09.jpg,None,0
0670_032_09.jpg,None,0
0670_032_09.jpg,None,0
0670_032_09.jpg,None,0
0670_032_09.jpg,None,0
0670_033_01.jpg,None,0
0670_033_01.jpg,None,0
0670_033_01.jpg,None,0
0670_033_02.jpg,None,0
0670_033_02.jpg,None,0
0670_033_02.jpg,None,0
0670_033_02.jpg,None,0
0670_033_02.jpg,None,0
0670_033_02.jpg,None,0
0670_033_02.jpg,None,0
0670_033_02.jpg,None,0
0670_033_02.jpg,None,0
0670_033_02.jpg,None,0
0670_033_02.jpg,None,0
0670_033_02.jpg,None,0
0670_033_02.jpg,None,0
0670_033_02.jpg,None,0
0670_033_02.jpg,None,0
0670_033_03.jpg,None,0
0670_033_03.jpg,None,0
0670_033_03.jpg,None,0
0670_033_04.jpg,None,0
0670_033_04.jpg,None,0
0670_033_04.jpg,None,1
0670_033_04.jpg,None,1
0670_033_04.jpg,None,1
0670_033_04.jpg,None,0
0670_033_04.jpg,None,0
0670_033_04.jpg,None,0
0670_033_04.jpg,None,0
0670_033_04.jpg,None,0
0670_033_05.jpg,None,0
0670_033_05.jpg,None,0
0670_033_05.jpg,None,0
0670_033_05.jpg,None,0
0670_033_05.jpg,None,0
0670_033_05.jpg,None,0
0670_033_05.jpg,None,0
0670_033_05.jpg,None,0
0670_033_05.jpg,None,0
0670_033_05.jpg,None,0
0670_033_05.jpg,None,0
0670_033_05.jpg,None,0
0670_033_05.jpg,None,0
0670_033_05.jpg,None,0
0670_033_05.jpg,None,0
0670_033_05.jpg,None,0
0670_033_05.jpg,None,0
0670_033_05.jpg,None,0
0670_033_05.jpg,None,0
0670_033_05.jpg,None,0
0670_033_05.jpg,None,0
0670_033_06.jpg,None,0
0670_033_06.jpg,None,0
0670_033_06.jpg,None,0
0670_033_06.jpg,None,0
0670_033_06.jpg,None,0
0670_033_06.jpg,None,0
0670_033_06.jpg,None,0
0670_033_06.jpg,None,0
0670_033_06.jpg,None,0
0670_033_06.jpg,None,0
0670_033_06.jpg,None,0
0670_033_07.jpg,None,0
0670_033_07.jpg,None,0
0670_033_07.jpg,None,0
0670_033_07.jpg,None,0
0670_033_07.jpg,None,0
0670_033_07.jpg,None,0
0670_033_07.jpg,None,0
0670_033_08.jpg,None,0
0670_033_08.jpg,None,0
0670_033_08.jpg,None,0
0670_033_08.jpg,None,0
0670_033_08.jpg,None,0
0670_033_08.jpg,None,0
0670_033_08.jpg,None,0
0670_033_08.jpg,None,0
0670_033_08.jpg,None,0
0670_033_08.jpg,None,0
0670_033_08.jpg,None,0
0670_033_08.jpg,None,0
0670_033_08.jpg,None,0
0670_033_08.jpg,None,0
0670_033_08.jpg,None,0
0670_033_08.jpg,None,0
0670_033_08.jpg,None,0
0670_033_08.jpg,None,0
0670_033_08.jpg,None,0
0670_033_08.jpg,None,0
0670_033_08.jpg,None,0
0670_033_08.jpg,None,0
0670_033_08.jpg,None,0
0670_033_08.jpg,None,0
0670_033_08.jpg,None,0
0670_033_08.jpg,None,0
0670_033_08.jpg,None,0
0670_033_08.jpg,None,0
0670_033_08.jpg,None,0
0670_033_08.jpg,None,0
0670_033_08.jpg,None,0
0670_033_08.jpg,None,0
0670_033_08.jpg,None,0
0670_033_08.jpg,None,0
0670_033_08.jpg,None,0
0670_033_08.jpg,None,0
0670_033_08.jpg,None,0
0670_033_08.jpg,None,0
0670_033_08.jpg,None,0
0670_033_08.jpg,None,0
0670_033_08.jpg,None,0
0670_033_08.jpg,None,0
0670_033_08.jpg,None,0
0670_033_08.jpg,None,0
0670_033_08.jpg,None,0
0670_033_08.jpg,None,0
0670_033_08.jpg,None,0
0670_033_08.jpg,None,0
0670_033_08.jpg,None,0
0670_033_08.jpg,None,0
0670_033_08.jpg,None,0
0670_033_08.jpg,None,0
0670_033_08.jpg,None,0
0670_033_08.jpg,None,0
0670_033_08.jpg,None,0
0670_033_08.jpg,None,0
0670_033_08.jpg,None,0
0670_033_08.jpg,None,0
0670_034_01.jpg,None,1
0670_034_01.jpg,None,0
0670_034_01.jpg,None,0
0670_034_01.jpg,None,0
0670_034_02.jpg,None,0
0670_034_02.jpg,None,0
0670_034_02.jpg,None,0
0670_034_02.jpg,None,0
0670_034_02.jpg,None,0
0670_034_02.jpg,None,0
0670_034_02.jpg,None,0
0670_034_02.jpg,None,0
0670_034_02.jpg,None,0
0670_034_02.jpg,None,0
0670_034_02.jpg,None,0
0670_034_02.jpg,None,0
0670_034_02.jpg,None,0
0670_034_02.jpg,None,0
0670_034_02.jpg,None,0
0670_034_02.jpg,None,0
0670_034_02.jpg,None,0
0670_034_02.jpg,None,0
0670_034_02.jpg,None,0
0670_034_02.jpg,None,0
0670_034_02.jpg,None,0
0670_034_02.jpg,None,0
0670_034_02.jpg,None,0
0670_034_02.jpg,None,0
0670_034_02.jpg,None,0
0670_034_02.jpg,None,0
0670_034_02.jpg,None,0
0670_034_02.jpg,None,0
0670_034_02.jpg,None,0
0670_034_02.jpg,None,0
0670_034_02.jpg,None,0
0670_034_02.jpg,None,0
0670_034_02.jpg,None,0
0670_034_02.jpg,None,0
0670_034_02.jpg,None,0
0670_034_02.jpg,None,0
0670_034_02.jpg,None,0
0670_034_02.jpg,None,0
0670_034_02.jpg,None,0
0670_034_02.jpg,None,0
0670_034_02.jpg,None,0
0670_034_02.jpg,None,0
0670_034_02.jpg,None,0
0670_034_02.jpg,None,0
0670_034_02.jpg,None,0
0670_034_03.jpg,None,0
0670_034_03.jpg,None,0
0670_034_03.jpg,None,0
0670_034_03.jpg,None,0
0670_034_03.jpg,None,0
0670_034_03.jpg,None,0
0670_034_03.jpg,None,0
0670_034_03.jpg,None,0
0670_034_03.jpg,None,0
0670_034_03.jpg,None,0
0670_034_04.jpg,None,1
0670_034_04.jpg,None,0
0670_034_04.jpg,None,0
0670_034_04.jpg,None,0
0670_034_04.jpg,None,0
0670_034_04.jpg,None,1
0670_034_04.jpg,None,1
0670_034_04.jpg,None,0
0670_034_04.jpg,None,0
0670_034_04.jpg,None,1
0670_034_04.jpg,None,0
0670_034_04.jpg,None,1
0670_034_04.jpg,None,0
0670_034_04.jpg,None,0
0670_034_04.jpg,None,0
0670_034_05.jpg,None,0
0670_034_05.jpg,None,0
0670_034_05.jpg,None,0
0670_034_05.jpg,None,0
0670_034_05.jpg,None,1
0670_034_05.jpg,None,0
0670_034_05.jpg,None,0
0670_034_05.jpg,None,0
0670_034_05.jpg,None,0
0670_034_05.jpg,None,0
0670_034_05.jpg,None,0
0670_034_05.jpg,None,0
0670_034_06.jpg,None,0
0670_034_06.jpg,None,0
0670_034_06.jpg,None,0
0670_034_06.jpg,None,0
0670_034_06.jpg,None,0
0670_034_06.jpg,None,0
0670_034_06.jpg,None,0
0670_034_06.jpg,None,0
0670_034_06.jpg,None,0
0670_034_06.jpg,None,0
0670_034_06.jpg,None,0
0670_034_07.jpg,None,0
0670_034_07.jpg,None,1
0670_034_07.jpg,None,0
0670_034_07.jpg,None,0
0670_034_07.jpg,None,1
0670_034_07.jpg,None,0
0670_034_07.jpg,None,0
0670_034_07.jpg,None,0
0670_034_07.jpg,None,0
0670_034_07.jpg,None,0
0670_034_07.jpg,None,0
0670_034_07.jpg,None,0
0670_034_07.jpg,None,0
0670_034_07.jpg,None,0
0670_034_07.jpg,None,0
0670_034_07.jpg,None,0
0670_034_07.jpg,None,0
0670_034_07.jpg,None,0
0670_034_07.jpg,None,0
0670_034_07.jpg,None,0
0670_034_07.jpg,None,0
0670_034_07.jpg,None,0
0670_034_08.jpg,None,0
0670_034_08.jpg,None,0
0670_034_08.jpg,None,0
0670_034_08.jpg,None,0
0670_034_08.jpg,None,0
0670_034_08.jpg,None,1
0670_034_08.jpg,None,0
0670_034_08.jpg,None,0
0670_034_08.jpg,None,0
0670_035_01.jpg,None,0
0670_035_01.jpg,None,0
0670_035_01.jpg,None,0
0670_035_01.jpg,None,0
0670_035_01.jpg,None,1
0670_035_01.jpg,None,0
0670_035_01.jpg,None,0
0670_035_01.jpg,None,0
0670_035_01.jpg,None,0
0670_035_01.jpg,None,0
0670_035_01.jpg,None,0
0670_035_01.jpg,None,0
0670_035_01.jpg,None,0
0670_035_02.jpg,None,0
0670_035_02.jpg,None,0
0670_035_02.jpg,None,0
0670_035_02.jpg,None,1
0670_035_02.jpg,None,0
0670_035_02.jpg,None,0
0670_035_02.jpg,None,0
0670_035_02.jpg,None,0
0670_035_02.jpg,None,0
0670_035_02.jpg,None,0
0670_035_02.jpg,None,0
0670_035_02.jpg,None,0
0670_035_02.jpg,None,0
0670_035_02.jpg,None,0
0670_035_02.jpg,None,0
0670_035_03.jpg,None,0
0670_035_03.jpg,None,0
0670_035_03.jpg,None,0
0670_035_03.jpg,None,0
0670_035_03.jpg,None,0
0670_035_03.jpg,None,0
0670_035_03.jpg,None,0
0670_035_03.jpg,None,0
0670_035_03.jpg,None,0
0670_035_03.jpg,None,0
0670_035_03.jpg,None,0
0670_035_03.jpg,None,0
0670_035_03.jpg,None,0
0670_035_03.jpg,None,0
0670_035_03.jpg,None,0
0670_035_03.jpg,None,0
0670_035_03.jpg,None,0
0670_035_03.jpg,None,0
0670_035_03.jpg,None,0
0670_035_03.jpg,None,0
0670_035_03.jpg,None,0
0670_035_03.jpg,None,0
0670_035_03.jpg,None,0
0670_035_03.jpg,None,0
0670_035_03.jpg,None,0
0670_035_03.jpg,None,0
0670_035_03.jpg,None,0
0670_035_03.jpg,None,0
0670_035_03.jpg,None,0
0670_035_03.jpg,None,0
0670_035_03.jpg,None,0
0670_035_04.jpg,None,0
0670_035_04.jpg,None,0
0670_035_04.jpg,None,0
0670_035_04.jpg,None,0
0670_035_04.jpg,None,0
0670_035_04.jpg,None,0
0670_035_04.jpg,None,0
0670_035_04.jpg,None,0
0670_035_04.jpg,None,0
0670_035_04.jpg,None,0
0670_035_04.jpg,None,0
0670_035_04.jpg,None,0
0670_035_04.jpg,None,0
0670_035_04.jpg,None,0
0670_035_04.jpg,None,0
0670_035_04.jpg,None,0
0670_035_04.jpg,None,0
0670_035_05.jpg,None,0
0670_035_05.jpg,None,0
0670_035_05.jpg,None,0
0670_035_05.jpg,None,0
0670_035_05.jpg,None,0
0670_035_05.jpg,None,0
0670_035_05.jpg,None,0
0670_035_05.jpg,None,0
0670_035_05.jpg,None,0
0670_035_05.jpg,None,0
0670_035_05.jpg,None,0
0670_035_05.jpg,None,0
0670_035_05.jpg,None,0
0670_035_05.jpg,None,0
0670_035_05.jpg,None,0
0670_035_05.jpg,None,0
0670_035_05.jpg,None,0
0670_035_05.jpg,None,0
0670_035_05.jpg,None,0
0670_035_05.jpg,None,0
0670_035_05.jpg,None,0
0670_036_01.jpg,None,0
0670_036_01.jpg,None,0
0670_036_01.jpg,None,0
0670_036_01.jpg,None,0
0670_036_01.jpg,None,1
0670_036_01.jpg,None,0
0670_036_01.jpg,None,0
0670_036_01.jpg,None,0
0670_036_01.jpg,None,0
0670_036_01.jpg,None,0
0670_036_01.jpg,None,0
0670_036_01.jpg,None,0
0670_036_01.jpg,None,0
0670_036_02.jpg,None,0
0670_036_02.jpg,None,0
0670_036_02.jpg,None,0
0670_036_02.jpg,None,0
0670_036_02.jpg,None,0
0670_036_02.jpg,None,0
0670_036_02.jpg,None,0
0670_036_02.jpg,None,0
0670_036_02.jpg,None,0
0670_036_02.jpg,None,0
0670_036_02.jpg,None,0
0670_036_02.jpg,None,0
0670_036_02.jpg,None,0
0670_036_02.jpg,None,0
0670_036_02.jpg,None,0
0670_036_03.jpg,None,0
0670_036_03.jpg,None,0
0670_036_03.jpg,None,0
0670_036_03.jpg,None,0
0670_036_03.jpg,None,0
0670_036_03.jpg,None,0
0670_036_03.jpg,None,1
0670_036_03.jpg,None,0
0670_036_04.jpg,None,0
0670_036_04.jpg,None,0
0670_036_04.jpg,None,0
0670_036_04.jpg,None,0
0670_036_04.jpg,None,0
0670_036_04.jpg,None,1
0670_036_04.jpg,None,0
0670_036_04.jpg,None,0
0670_036_04.jpg,None,0
0670_036_04.jpg,None,0
0670_036_04.jpg,None,0
0670_036_04.jpg,None,0
0670_036_04.jpg,None,0
0670_036_04.jpg,None,0
0670_036_04.jpg,None,0
0670_036_04.jpg,None,0
0670_036_04.jpg,None,0
0670_036_04.jpg,None,0
0670_036_04.jpg,None,0
0670_036_04.jpg,None,0
0670_036_04.jpg,None,0
0670_036_04.jpg,None,0
0670_036_04.jpg,None,0
0670_036_04.jpg,None,0
0670_036_04.jpg,None,0
0670_036_04.jpg,None,0
0670_036_04.jpg,None,0
0670_036_04.jpg,None,0
0670_036_04.jpg,None,0
0670_036_04.jpg,None,0
0670_036_04.jpg,None,0
0670_036_04.jpg,None,0
0670_036_04.jpg,None,0
0670_036_04.jpg,None,0
0670_036_04.jpg,None,0
0670_036_04.jpg,None,0
0670_036_04.jpg,None,0
0670_036_04.jpg,None,0
0670_036_05.jpg,None,0
0670_036_05.jpg,None,0
0670_036_05.jpg,None,0
0670_036_05.jpg,None,0
0670_036_05.jpg,None,0
0670_036_05.jpg,None,0
0670_036_05.jpg,None,0
0670_036_05.jpg,None,0
0670_036_05.jpg,None,0
0670_036_05.jpg,None,0
0670_036_05.jpg,None,0
0670_036_05.jpg,None,0
0670_036_05.jpg,None,0
0670_036_05.jpg,None,0
0670_036_05.jpg,None,0
0670_036_06.jpg,None,0
0670_036_06.jpg,None,0
0670_036_07.jpg,None,0
0670_036_07.jpg,None,0
0670_036_07.jpg,None,0
0670_036_09.jpg,None,0
0670_036_09.jpg,None,0
0670_036_09.jpg,None,0
0670_036_09.jpg,None,0
0670_036_09.jpg,None,0
0670_036_09.jpg,None,0
0670_036_09.jpg,None,0
0670_036_09.jpg,None,0
0670_036_09.jpg,None,0
0670_036_09.jpg,None,0
0670_036_09.jpg,None,0
0670_036_09.jpg,None,0
0670_036_09.jpg,None,0
0670_036_09.jpg,None,0
0670_036_09.jpg,None,0
0670_036_09.jpg,None,0
0670_036_09.jpg,None,1
0670_036_09.jpg,None,0
0670_036_09.jpg,None,1
0670_036_09.jpg,None,0
0670_036_09.jpg,None,0
0670_036_09.jpg,None,0
0670_036_09.jpg,None,0
0670_036_10.jpg,None,0
0670_036_10.jpg,None,0
0670_036_10.jpg,None,0
0670_036_10.jpg,None,1
0670_036_10.jpg,None,0
0670_036_10.jpg,None,0
0670_036_10.jpg,None,0
0670_036_10.jpg,None,0
0670_036_10.jpg,None,0
0670_036_10.jpg,None,0
0670_036_10.jpg,None,0
0670_036_10.jpg,None,0
0670_036_10.jpg,None,0
0670_036_10.jpg,None,0
0670_036_10.jpg,None,0
0670_036_10.jpg,None,0
0670_036_10.jpg,None,0
0670_036_11.jpg,None,0
0670_036_11.jpg,None,0
0670_036_11.jpg,None,0
0670_036_11.jpg,None,0
0670_036_11.jpg,None,0
0670_036_11.jpg,None,0
0670_036_11.jpg,None,0
0670_036_11.jpg,None,0
0670_036_11.jpg,None,0
0670_036_11.jpg,None,0
0670_036_11.jpg,None,0
0670_036_11.jpg,None,0
0670_036_11.jpg,None,0
0670_036_11.jpg,None,0
0670_036_11.jpg,None,0
0670_036_11.jpg,None,0
0670_036_11.jpg,None,0
0670_036_11.jpg,None,0
0670_036_11.jpg,None,0
0670_036_11.jpg,None,0
0670_036_11.jpg,None,0
0670_036_11.jpg,None,0
0670_036_11.jpg,None,0
0670_036_11.jpg,None,0
0670_036_11.jpg,None,0
0670_036_11.jpg,None,0
0670_036_11.jpg,None,0
0670_036_11.jpg,None,0
0670_036_11.jpg,None,0
0670_036_11.jpg,None,0
0670_036_11.jpg,None,0
0670_036_11.jpg,None,0
0670_036_11.jpg,None,0
0670_036_11.jpg,None,0
0670_036_11.jpg,None,0
0670_036_11.jpg,None,0
0670_036_11.jpg,None,0
0670_036_11.jpg,None,0
0670_036_11.jpg,None,0
